{
"login":
{"data":{"contactPhone":"13631573722","custId":"be5b51b4-698c-417f-8756-b8f6304651dc","custNickname":"jimmy-n","custType":"2","legalPhone":"13631573722","navItems":[{"children":[{"children":[],"disabled":null,"isSelected":null,"menuId":1301,"menuName":"我的AR","menuOrder":1,"menuParent":13,"menuUrl":"/suplier/myar"},{"children":[],"disabled":null,"isSelected":null,"menuId":1303,"menuName":"转让AR管理","menuOrder":3,"menuParent":13,"menuUrl":"/suplier/transfer"},{"children":[],"disabled":null,"isSelected":null,"menuId":1304,"menuName":"历史AR","menuOrder":4,"menuParent":13,"menuUrl":"/suplier/historyar"}],"disabled":null,"isSelected":null,"menuId":13,"menuName":"AR管理","menuOrder":13,"menuParent":null,"menuUrl":null},{"children":[{"children":[{"children":[],"disabled":null,"isSelected":null,"menuId":140101,"menuName":"融资情况","menuOrder":1,"menuParent":1401,"menuUrl":"/suplier/creditLoanSituation"},{"children":[],"disabled":null,"isSelected":null,"menuId":140102,"menuName":"还款情况","menuOrder":2,"menuParent":1401,"menuUrl":"/suplier/creditRepaySituation"}],"disabled":null,"isSelected":null,"menuId":1401,"menuName":"信用融资","menuOrder":1,"menuParent":14,"menuUrl":"/suplier/"},{"children":[{"children":[],"disabled":null,"isSelected":null,"menuId":140201,"menuName":"可用订单","menuOrder":1,"menuParent":1402,"menuUrl":"/suplier/orderLoanAble"},{"children":[],"disabled":null,"isSelected":null,"menuId":140202,"menuName":"融资情况","menuOrder":2,"menuParent":1402,"menuUrl":"/suplier/orderLoanSituation"},{"children":[],"disabled":null,"isSelected":null,"menuId":140203,"menuName":"还款情况","menuOrder":3,"menuParent":1402,"menuUrl":"/suplier/orderRepaySituation"}],"disabled":null,"isSelected":null,"menuId":1402,"menuName":"订单融资","menuOrder":2,"menuParent":14,"menuUrl":"/suplier/"}],"disabled":null,"isSelected":null,"menuId":14,"menuName":"其它融资","menuOrder":14,"menuParent":null,"menuUrl":null},{"children":[{"children":[],"disabled":null,"isSelected":null,"menuId":1501,"menuName":"往来明细","menuOrder":1,"menuParent":15,"menuUrl":"/suplier/"}],"disabled":null,"isSelected":null,"menuId":15,"menuName":"资金管理","menuOrder":15,"menuParent":null,"menuUrl":null},{"children":[{"children":[],"disabled":null,"isSelected":null,"menuId":1601,"menuName":"基础信息","menuOrder":1,"menuParent":16,"menuUrl":"/suplier/userinfo"}],"disabled":null,"isSelected":null,"menuId":16,"menuName":"账户管理","menuOrder":16,"menuParent":null,"menuUrl":null},{"children":[{"children":[],"disabled":null,"isSelected":null,"menuId":1701,"menuName":"我的订单","menuOrder":1,"menuParent":17,"menuUrl":"/suplier/ordersearch"},{"children":[],"disabled":null,"isSelected":null,"menuId":1702,"menuName":"我的验收单","menuOrder":2,"menuParent":17,"menuUrl":"/suplier/acceptsearch"},{"children":[],"disabled":null,"isSelected":null,"menuId":1703,"menuName":"我的对账单","menuOrder":3,"menuParent":17,"menuUrl":"/suplier/mybill"},{"children":[],"disabled":null,"isSelected":null,"menuId":1704,"menuName":"我的发票","menuOrder":4,"menuParent":17,"menuUrl":"/suplier/myinvoice"},{"children":[],"disabled":null,"isSelected":null,"menuId":1705,"menuName":"我的结报","menuOrder":5,"menuParent":17,"menuUrl":"/suplier/mysubmit"},{"children":[],"disabled":null,"isSelected":null,"menuId":1706,"menuName":"我的付款单","menuOrder":6,"menuParent":17,"menuUrl":"/suplier/mypayer"},{"children":[],"disabled":null,"isSelected":null,"menuId":1707,"menuName":"我的欠款","menuOrder":7,"menuParent":17,"menuUrl":"/suplier/myarrear"},{"children":[],"disabled":null,"isSelected":null,"menuId":1708,"menuName":"登录首页","menuOrder":8,"menuParent":17,"menuUrl":"/suplier/index"}],"disabled":null,"isSelected":null,"menuId":17,"menuName":"辅助查询","menuOrder":17,"menuParent":null,"menuUrl":null}],"token":"5dc70a5c836e3a0e4935517f108a944b73867d97042cabe26658129d97800a227ade4e02-535c-4cbb-b0b3-c979855a4474","vendorCode":"VCN0021336"},"msg":"登录成功","recordsTotal":null,"status":1},
"myGeneral":
{"data":{"discountedAvailableAmout":0.00,"discountedExpiredAmout":0.08,"discountedSumAmout":0.08,"discountedTips":"","discountingAvailableAmout":0.00,"discountingExpiredAmout":1.88,"discountingSumAmout":1.88,"discountingTips":"","onReceiveAmout":0.00,"onReceiveTips":"","receivedAvailableAmout":0.00,"receivedExpiredAmout":0.00,"receivedSumAmout":0.00,"receivedTips":"","receivedUnavailableAmout":0.00,"transferedAvailableAmout":0.00,"transferedExpiredAmout":0.60,"transferedSumAmout":0.60,"transferedTips":"","transferingAvailableAmout":0.00,"transferingExpiredAmout":0.00,"transferingSumAmout":0.00,"transferingTips":"","unOperateAvailableAmout":0.00,"unOperateSumAmout":0.22,"unOperateTips":"已申请贴现或转让的发票剩余金额:显示金额","unOperateUnavailableAmout":0.22},"msg":"返回结果正常","recordsTotal":null,"status":1},
"myCredit":
{"data":{"availablePoAmout":12.26,"creditLinesAmout":300.00,"creditLoanUsedAmout":21.00,"poLoanUsedAmout":0.00,"poLoanUsedHistorySumAmout":0.00,"poTips":"","unUsedAmout":279.00,"usedAmout":21.00,"usedTips":""},"msg":"返回结果正常","recordsTotal":null,"status":1},
"mySchedule":
{"data":[{"masterChainId":"AR20180802001174","billId":"NTT3I50086","isMasterAr":0,"transUnitName":"深圳市富龍小額貸款有限公司","arStatusTypeName":"合同签署中","currencyDesc":"人民币","billBookAmt":9000.0,"loanAmt":7200.0,"billPayDate":1535731200000,"billPayStatus":"付款单已确认","signStatusName":"已完成","signStatusId":3,"checkedStatus":23,"operateControllerStatus":1,"factoringCustId":"fa5c74a9-7b3b-11e8-af59-005056afdfba","factoringCustName":"深圳市富龍小額貸款有限公司"}],"msg":"返回结果正常","recordsTotal":1,"status":1},
"myOrder":
{"data":{"actualRepayDate":null,"admissionAmt":null,"arAvailableAmt":null,"arGenerateDate":1533194867000,"arSourceDesc":"购入","arStatusTypeName":"合同签署中","billBookAmt":9000.00,"billPayDate":1535731200000,"billPayStatus":"付款单已确认","checkedStatus":23,"companyName":"鴻富準精密工業(深圳)有限公司","contractList":[{"contractId":"18acdfbc-fad0-49a0-bff2-3f6d0887ec64","contractName":"收费协议","contractNo":"18acdfbc-fad0-49a0-bff2-3f6d0887ec64","contractUrl":"/pdf/77ed8e78-27a4-4574-a164-012238cfa7f5.pdf","status":2},{"contractId":"43659809-91a5-4a19-a0ae-5327c0b575f0","contractName":"应收账款质押合同","contractNo":"43659809-91a5-4a19-a0ae-5327c0b575f0","contractUrl":"/pdf/18ef4ea8-b82d-4b27-8168-c6f132eecf06.pdf","status":2},{"contractId":"71a69dd8-c1e1-4a52-8e27-36b6dcabe588","contractName":"借款合同（适用于借款人是法人）","contractNo":"71a69dd8-c1e1-4a52-8e27-36b6dcabe588","contractUrl":"/pdf/d2068e5c-ab09-484c-beba-bda9170294ff.pdf","status":2}],"currencyDesc":"人民币","currencyName":"RMB","custFromId":"be5b51b4-698c-417f-8756-b8f6304651dc","custFromName":"jimmy","custToId":"fa5c74a9-7b3b-11e8-af59-005056afdfba","custToName":"深圳市富龍小額貸款有限公司","discountApplyAmt":9000.00,"discountApplyDate":1533194867000,"discountLoanAmt":7200.00,"factorCompany":"深圳市富龍小額貸款有限公司","historyCustToName":null,"invoiceCustomList":[{"invoiceAfterTaxAmt":9048.00,"invoiceCurrency":1,"invoiceCurrencyDesc":"人民币","invoiceDate":1525622400000,"invoiceIsSelected":1,"invoiceNo":"55840288"}],"isAvailableInvoice":1,"isMasterAr":0,"masterChainId":"AR20180802001174","originalUnitName":null,"parentChainId":"AR20180801001586","payFineAmt":null,"payFineDays":0,"payInterestAmt":null,"payPrincipalAmt":null,"payServiceAmt":null,"poNumber":null,"prepayServiceAmt":null,"remark":null,"signStatusId":3,"signStatusName":"已完成","sourceChainId":"AR20180801001586","transSerial":null,"transSerialNo":"945ec5ea-0c29-40fa-a541-4ac5dd124e2d","transType":"discount","transUnitName":"深圳市富龍小額貸款有限公司"},"msg":"请求成功","recordsTotal":1,"status":1},
"set":
{"data":{"accountOpeningBranch":"郑州航空港","bankAccount":"564666666663333","bankAccountName":null,"bankCardAddress":"","bankCity":"郑州","bankIsUsableDesc":null,"bankName":"fasddf","bankProvince":"河南","bankShortName":null,"businessEndDate":null,"businessStartDate":null,"companyAddress":"郑州综合保税区","companyAuthenticationInfo":{"bankAccountName":null,"bankName":"fasddf","companyName":"jimmy","isAuthened":0},"companyBusinessScope":null,"companyName":"jimmy","companyPersonSum":null,"companyPhone":"37725638","companyRegisterDate":null,"contactIdcardNum":"510502199406296755","contactMail":"jiangyang@qq.com","contactPerson":"江阳","contactPhone":"13631573722","contractAuthenticationInfo":{"contactMail":"jiangyang@qq.com","contactPerson":"江阳","contactPhone":"13631573722","isAuthened":0},"createip":null,"createtime":null,"creditCode":"91530326MA6K4QA37X","custId":"be5b51b4-698c-417f-8756-b8f6304651dc","custNickname":null,"custPassword":null,"custType":null,"custUsername":null,"customerId":null,"establishDate":null,"identifySource":null,"isAuthened":null,"isUsable":null,"isUsableDesc":"可用","lastlogintime":null,"legalAuthenticationInfo":{"contactMail":"jiangyang@qq.com","contactPerson":"江阳","contactPhone":"13631573722","isAuthened":0,"legalIdcardNum":"532624199405287303","legalMail":"masubo@qq.com","legalPerson":"麻栗坡","legalPhone":"13631573722"},"legalIdcardNum":"532624199405287303","legalMail":"masubo@qq.com","legalPerson":"麻栗坡","legalPhone":"13631573722","licenseAddress":null,"licenseNumber":null,"licenseUrl":"/upload/regist/license/up201808011536016625.png","licenseViceNumber":null,"licenseViceUrl":"/upload/regist/licenseVice/up201808011536026924.png","logoUrl":"/upload/regist/logo/up201808011535048777.png","mainProducts":"房地产","managerId":null,"modifytime":null,"organizationNumber":null,"organizationUrl":"/upload/regist/organization/up201808011536033697.png","paidinCapital":0,"paidinCurrencyDesc":null,"paidinCurrencyType":"1","payTaxesNumber":"","registeredCapital":0.00,"registeredCurrencyDesc":null,"registeredCurrencyType":"1","registry":null,"sourceName":null,"taxNumber":null,"taxUrl":"/upload/regist/tax/up201808011536045481.png","vendorCodes":"VCN0021336"},"msg":"返回结果正常","recordsTotal":null,"status":1},
"updatePassword":
{"data":null,"msg":"修改密码成功","recordsTotal":null,"status":1}
}